datetime,temperature,humidity,weather_code,season,is_thunder,day_type,time_slot,occupancy_rate,special_event,total_load_kw,total_current_a,supply_voltage_v,panel_status,accident_type,accident_circuit,accident_severity,current_multiplier,voltage_delta_v,duration_min,trip_expected,lgt_detected,lgt_danger_level,lgt_count_10min,lgt_dist_km,lgt_type,lgt_amp_ka,lgt_address,c1_rate,c1_kw,c1_current,c2_rate,c2_kw,c2_current,c3_rate,c3_kw,c3_current,c4_rate,c4_kw,c4_current,c5_rate,c5_kw,c5_current,c6_rate,c6_kw,c6_current,c7_rate,c7_kw,c7_current,c8_rate,c8_kw,c8_current,c9_rate,c9_kw,c9_current
2026-10-03T00:00:00,7.6,97,clear,autumn,0,weekend,night,0.04,none,5.589,25.4,220.0,normal,none,none,none,1.0,0.0,0,0,0,none,0,0,none,0,,0.274,0.411,1.87,1.069,0.855,3.89,0.207,0.723,3.29,0.243,0.486,2.21,0.049,0.17,0.77,0.466,0.932,4.24,0.633,0.949,4.31,0.321,0.962,4.37,0.051,0.101,0.46
2026-10-03T01:00:00,7.6,97,clear,autumn,0,weekend,night,0.05,none,5.345,24.3,220.0,normal,none,none,none,1.0,0.0,0,0,0,none,0,0,none,0,,0.579,0.869,3.95,0.902,0.722,3.28,0.074,0.258,1.17,0.316,0.631,2.87,0.12,0.419,1.9,0.407,0.815,3.7,0.393,0.59,2.68,0.15,0.451,2.05,0.295,0.59,2.68
2026-10-03T02:00:00,7.6,97,clear,autumn,0,weekend,night,0.0,none,3.549,16.13,220.0,normal,none,none,none,1.0,0.0,0,0,0,none,0,0,none,0,,0.171,0.256,1.16,0.564,0.451,2.05,0.091,0.318,1.45,0.186,0.373,1.7,0.043,0.152,0.69,0.207,0.414,1.88,0.404,0.606,2.75,0.073,0.218,0.99,0.381,0.761,3.46
2026-10-03T03:00:00,9.0,70,clear,autumn,0,weekend,night,0.02,none,4.858,22.08,220.0,normal,none,none,none,1.0,0.0,0,0,0,none,0,0,none,0,,0.645,0.967,4.4,0.664,0.531,2.41,0.143,0.502,2.28,0.059,0.119,0.54,0.249,0.872,3.96,0.146,0.292,1.33,0.279,0.418,1.9,0.236,0.707,3.21,0.225,0.45,2.05
2026-10-03T04:00:00,8.0,70,partly_cloudy,autumn,0,weekend,night,0.02,none,4.476,20.35,220.0,normal,none,none,none,1.0,0.0,0,0,0,none,0,0,none,0,,0.428,0.642,2.92,1.15,0.92,4.18,0.14,0.491,2.23,0.287,0.574,2.61,0.112,0.392,1.78,0.397,0.794,3.61,0.097,0.146,0.66,0.126,0.377,1.71,0.07,0.14,0.64
2026-10-03T05:00:00,7.0,75,partly_cloudy,autumn,0,weekend,night,0.0,none,5.218,23.72,220.0,normal,none,none,none,1.0,0.0,0,0,0,none,0,0,none,0,,0.112,0.168,0.76,0.38,0.304,1.38,0.175,0.613,2.79,0.375,0.75,3.41,0.175,0.614,2.79,0.398,0.795,3.61,0.344,0.516,2.35,0.308,0.923,4.2,0.268,0.535,2.43
2026-10-03T06:00:00,7.0,75,clear,autumn,0,weekend,night,0.0,none,4.519,20.54,220.0,normal,none,none,none,1.0,0.0,0,0,0,none,0,0,none,0,,0.181,0.272,1.24,0.482,0.386,1.75,0.106,0.37,1.68,0.183,0.366,1.66,0.042,0.146,0.66,0.466,0.931,4.23,0.421,0.632,2.87,0.283,0.848,3.85,0.284,0.568,2.58
2026-10-03T07:00:00,9.0,75,partly_cloudy,autumn,0,weekend,commute,0.04,none,6.047,27.49,220.0,normal,none,none,none,1.0,0.0,0,0,0,none,0,0,none,0,,0.422,0.633,2.88,0.201,0.161,0.73,0.278,0.973,4.42,0.29,0.581,2.64,0.158,0.554,2.52,0.332,0.663,3.01,0.589,0.884,4.02,0.255,0.764,3.47,0.417,0.834,3.79
2026-10-03T08:00:00,11.0,65,cloudy,autumn,0,weekend,commute,0.03,none,5.638,25.63,220.0,normal,none,none,none,1.0,0.0,0,0,0,none,0,0,none,0,,0.492,0.738,3.35,0.425,0.34,1.55,0.137,0.479,2.18,0.333,0.666,3.03,0.106,0.37,1.68,0.313,0.626,2.85,0.391,0.586,2.66,0.299,0.898,4.08,0.468,0.935,4.25
2026-10-03T09:00:00,15.0,60,cloudy,autumn,0,weekend,work_am,0.03,none,5.061,23.0,220.0,normal,none,none,none,1.0,0.0,0,0,0,none,0,0,none,0,,0.244,0.366,1.66,0.491,0.393,1.79,0.082,0.286,1.3,0.306,0.612,2.78,0.22,0.77,3.5,0.355,0.711,3.23,0.651,0.976,4.44,0.173,0.518,2.35,0.214,0.429,1.95
2026-10-03T10:00:00,17.0,55,cloudy,autumn,0,weekend,work_am,0.04,none,5.521,25.1,220.0,normal,none,none,none,1.0,0.0,0,0,0,none,0,0,none,0,,0.499,0.749,3.4,0.892,0.714,3.25,0.178,0.623,2.83,0.344,0.687,3.12,0.149,0.522,2.37,0.079,0.157,0.71,0.523,0.784,3.56,0.187,0.562,2.55,0.361,0.723,3.29
2026-10-03T11:00:00,19.0,50,cloudy,autumn,0,weekend,work_am,0.03,none,4.469,20.31,220.0,normal,none,none,none,1.0,0.0,0,0,0,none,0,0,none,0,,0.124,0.186,0.85,0.709,0.567,2.58,0.126,0.441,2.0,0.107,0.215,0.98,0.213,0.744,3.38,0.099,0.198,0.9,0.554,0.831,3.78,0.136,0.408,1.85,0.44,0.879,4.0
2026-10-03T12:00:00,20.0,45,cloudy,autumn,0,weekend,lunch,0.01,none,5.41,24.59,220.0,normal,none,none,none,1.0,0.0,0,0,0,none,0,0,none,0,,0.647,0.97,4.41,0.399,0.319,1.45,0.081,0.282,1.28,0.12,0.241,1.1,0.181,0.632,2.87,0.43,0.86,3.91,0.636,0.954,4.34,0.13,0.39,1.77,0.381,0.762,3.46
2026-10-03T13:00:00,20.0,45,cloudy,autumn,0,weekend,work_pm,0.04,none,5.909,26.86,220.0,normal,none,none,none,1.0,0.0,0,0,0,none,0,0,none,0,,0.245,0.367,1.67,0.98,0.784,3.56,0.195,0.684,3.11,0.125,0.25,1.14,0.252,0.883,4.01,0.358,0.716,3.25,0.598,0.897,4.08,0.12,0.36,1.64,0.484,0.968,4.4
2026-10-03T14:00:00,20.0,45,cloudy,autumn,0,weekend,work_pm,0.02,none,4.057,18.44,220.0,normal,none,none,none,1.0,0.0,0,0,0,none,0,0,none,0,,0.26,0.39,1.77,0.255,0.204,0.93,0.229,0.801,3.64,0.155,0.31,1.41,0.058,0.202,0.92,0.144,0.289,1.31,0.213,0.319,1.45,0.269,0.808,3.67,0.367,0.734,3.34
2026-10-03T15:00:00,20.0,45,cloudy,autumn,0,weekend,work_pm,0.0,none,4.52,20.55,220.0,normal,none,none,none,1.0,0.0,0,0,0,none,0,0,none,0,,0.392,0.588,2.67,1.075,0.86,3.91,0.218,0.762,3.46,0.272,0.543,2.47,0.121,0.425,1.93,0.189,0.377,1.71,0.311,0.466,2.12,0.083,0.248,1.13,0.126,0.251,1.14
2026-10-03T16:00:00,20.0,50,cloudy,autumn,0,weekend,work_pm,0.04,none,5.785,26.3,220.0,normal,none,none,none,1.0,0.0,0,0,0,none,0,0,none,0,,0.354,0.531,2.41,1.001,0.801,3.64,0.208,0.728,3.31,0.135,0.27,1.23,0.252,0.881,4.0,0.379,0.757,3.44,0.52,0.78,3.55,0.29,0.869,3.95,0.084,0.168,0.76
2026-10-03T17:00:00,18.0,55,cloudy,autumn,0,weekend,work_pm,0.04,none,4.878,22.17,220.0,normal,none,none,none,1.0,0.0,0,0,0,none,0,0,none,0,,0.123,0.184,0.84,0.729,0.583,2.65,0.266,0.93,4.23,0.266,0.531,2.41,0.032,0.113,0.51,0.133,0.266,1.21,0.647,0.97,4.41,0.252,0.756,3.44,0.273,0.545,2.48
2026-10-03T18:00:00,16.0,65,cloudy,autumn,0,weekend,evening,0.01,none,4.882,22.19,220.0,normal,none,none,none,1.0,0.0,0,0,0,none,0,0,none,0,,0.271,0.406,1.85,0.916,0.733,3.33,0.067,0.233,1.06,0.344,0.687,3.12,0.084,0.294,1.34,0.412,0.824,3.75,0.517,0.776,3.53,0.255,0.765,3.48,0.082,0.164,0.75
2026-10-03T19:00:00,15.0,70,cloudy,autumn,0,weekend,evening,0.0,none,3.628,16.49,220.0,normal,none,none,none,1.0,0.0,0,0,0,none,0,0,none,0,,0.139,0.209,0.95,0.676,0.541,2.46,0.066,0.23,1.05,0.335,0.669,3.04,0.167,0.584,2.65,0.13,0.26,1.18,0.299,0.449,2.04,0.129,0.386,1.75,0.15,0.3,1.36
2026-10-03T20:00:00,14.0,70,cloudy,autumn,0,weekend,evening,0.05,none,6.609,30.04,220.0,normal,none,none,none,1.0,0.0,0,0,0,none,0,0,none,0,,0.657,0.986,4.48,1.157,0.926,4.21,0.23,0.804,3.65,0.147,0.294,1.34,0.171,0.598,2.72,0.437,0.874,3.97,0.604,0.906,4.12,0.326,0.978,4.45,0.121,0.243,1.1
2026-10-03T21:00:00,14.0,70,cloudy,autumn,0,weekend,evening,0.05,none,6.39,29.05,220.0,normal,none,none,none,1.0,0.0,0,0,0,none,0,0,none,0,,0.657,0.986,4.48,0.44,0.352,1.6,0.281,0.985,4.48,0.144,0.289,1.31,0.253,0.887,4.03,0.169,0.338,1.54,0.557,0.835,3.8,0.27,0.811,3.69,0.454,0.907,4.12
2026-10-03T22:00:00,14.0,75,cloudy,autumn,0,weekend,night,0.03,none,5.283,24.01,220.0,normal,none,none,none,1.0,0.0,0,0,0,none,0,0,none,0,,0.413,0.619,2.81,1.123,0.898,4.08,0.104,0.365,1.66,0.277,0.554,2.52,0.155,0.544,2.47,0.203,0.405,1.84,0.265,0.397,1.8,0.223,0.668,3.04,0.416,0.833,3.79
2026-10-03T23:00:00,14.0,75,cloudy,autumn,0,weekend,night,0.03,none,6.029,27.4,220.0,normal,none,none,none,1.0,0.0,0,0,0,none,0,0,none,0,,0.607,0.911,4.14,1.076,0.861,3.91,0.165,0.577,2.62,0.108,0.217,0.99,0.214,0.748,3.4,0.477,0.954,4.34,0.425,0.638,2.9,0.169,0.507,2.3,0.308,0.616,2.8
